COMMON/cppdefs_ms3dvar.h	COMMON/ms3dvar_cppdefs.h
COMMON/das_MessPass2D.F	COMMON/ms3dvar_MessPass2D.F
COMMON/das_add_lr_s.F	COMMON/ms3dvar_add_lr_s.F
COMMON/das_add_zeta_lr_s.F	COMMON/ms3dvar_add_zeta_lr_s.F
COMMON/das_adj_TS_profile.F	COMMON/ms3dvar_adj_TS_profile.F
COMMON/das_adj_cauv.F	COMMON/ms3dvar_adj_cauv.F
COMMON/das_adj_cflight.F	COMMON/ms3dvar_adj_cflight.F
COMMON/das_adj_cglider.F	COMMON/ms3dvar_adj_cglider.F
COMMON/das_adj_chfradar.F	COMMON/ms3dvar_adj_chfradar.F
COMMON/das_adj_copy_pressure_smooth.F	COMMON/ms3dvar_adj_copy_pressure_smooth.F
COMMON/das_adj_copy_ts_s_smooth.F	COMMON/ms3dvar_adj_copy_ts_s_smooth.F
COMMON/das_adj_copy_zeta_smooth.F	COMMON/ms3dvar_adj_copy_zeta_smooth.F
COMMON/das_adj_copy_zeteh_smooth.F	COMMON/ms3dvar_adj_copy_zeteh_smooth.F
COMMON/das_adj_cost_reg.F	COMMON/ms3dvar_adj_cost_reg.F
COMMON/das_adj_cost_reg_uv.F	COMMON/ms3dvar_adj_cost_reg_uv.F
COMMON/das_adj_costb.F	COMMON/ms3dvar_adj_costb.F
COMMON/das_adj_costb_lin.F	COMMON/ms3dvar_adj_costb_lin.F
COMMON/das_adj_cross_ts.F	COMMON/ms3dvar_adj_cross_ts.F
COMMON/das_adj_csats.F	COMMON/ms3dvar_adj_csats.F
COMMON/das_adj_csst.F	COMMON/ms3dvar_adj_csst.F
COMMON/das_adj_csst_lin.F	COMMON/ms3dvar_adj_csst_lin.F
COMMON/das_adj_cswot.F	COMMON/ms3dvar_adj_cswot.F
COMMON/das_adj_dauv.F	COMMON/ms3dvar_adj_dauv.F
COMMON/das_adj_diag_p.F	COMMON/ms3dvar_adj_diag_p.F
COMMON/das_adj_diag_ssh.F	COMMON/ms3dvar_adj_diag_ssh.F
COMMON/das_adj_diag_ssh_steric.F	COMMON/ms3dvar_adj_diag_ssh_steric.F
COMMON/das_adj_geo_ratio.F	COMMON/ms3dvar_adj_geo_ratio.F
COMMON/das_adj_geos_uv_p.F	COMMON/ms3dvar_adj_geos_uv_p.F
COMMON/das_adj_get_zeta_ubal_from_tot.F	COMMON/ms3dvar_adj_get_zeta_ubal_from_tot.F
COMMON/das_adj_glider_ptsur.F	COMMON/ms3dvar_adj_glider_ptsur.F
COMMON/das_adj_glider_sio.F	COMMON/ms3dvar_adj_glider_sio.F
COMMON/das_adj_glider_whoi.F	COMMON/ms3dvar_adj_glider_whoi.F
COMMON/das_adj_map.F	COMMON/ms3dvar_adj_map.F
COMMON/das_adj_matvec.F	COMMON/ms3dvar_adj_matvec.F
COMMON/das_adj_psichi_uv.F	COMMON/ms3dvar_adj_psichi_uv.F
COMMON/das_adj_rho_eos.F	COMMON/ms3dvar_adj_rho_eos.F
COMMON/das_adj_ts_s_smooth.F	COMMON/ms3dvar_adj_ts_s_smooth.F
COMMON/das_adj_varvec.F	COMMON/ms3dvar_adj_varvec.F
COMMON/das_adj_wrt.F	COMMON/ms3dvar_adj_wrt.F
COMMON/das_adj_zero.F	COMMON/ms3dvar_adj_zero.F
COMMON/das_adj_zero_s.F	COMMON/ms3dvar_adj_zero_s.F
COMMON/das_adj_zeta_h_smooth.F	COMMON/ms3dvar_adj_zeta_h_smooth.F
COMMON/das_adj_zeta_s_smooth.F	COMMON/ms3dvar_adj_zeta_s_smooth.F
COMMON/das_adj_zetah_smooth.F	COMMON/ms3dvar_adj_zetah_smooth.F
COMMON/das_ana_bvar.F	COMMON/ms3dvar_ana_bvar.F
COMMON/das_analysis_zeta.F	COMMON/ms3dvar_analysis_zeta.F
COMMON/das_buffer.h	COMMON/ms3dvar_buffer.h
COMMON/das_ca2zero.F	COMMON/ms3dvar_ca2zero.F
COMMON/das_ca2zero_s.F	COMMON/ms3dvar_ca2zero_s.F
COMMON/das_calc_corr.F	COMMON/ms3dvar_calc_corr.F
COMMON/das_copy.F	COMMON/ms3dvar_copy.F
COMMON/das_copy_smooth.F	COMMON/ms3dvar_copy_smooth.F
COMMON/das_copy_steric.F	COMMON/ms3dvar_copy_steric.F
COMMON/das_copy_ts_s_smooth.F	COMMON/ms3dvar_copy_ts_s_smooth.F
COMMON/das_copy_uv_smooth.F	COMMON/ms3dvar_copy_uv_smooth.F
COMMON/das_copy_zeta_smooth.F	COMMON/ms3dvar_copy_zeta_smooth.F
COMMON/das_copy_zetah_smooth.F	COMMON/ms3dvar_copy_zetah_smooth.F
COMMON/das_cost_TS_profile.F	COMMON/ms3dvar_cost_TS_profile.F
COMMON/das_cost_calauv.F	COMMON/ms3dvar_cost_calauv.F
COMMON/das_cost_dorauv.F	COMMON/ms3dvar_cost_dorauv.F
COMMON/das_cost_flight.F	COMMON/ms3dvar_cost_flight.F
COMMON/das_cost_glider.F	COMMON/ms3dvar_cost_glider.F
COMMON/das_cost_glider_ptsur.F	COMMON/ms3dvar_cost_glider_ptsur.F
COMMON/das_cost_glider_sio.F	COMMON/ms3dvar_cost_glider_sio.F
COMMON/das_cost_glider_whoi.F	COMMON/ms3dvar_cost_glider_whoi.F
COMMON/das_cost_hfradar.F	COMMON/ms3dvar_cost_hfradar.F
COMMON/das_cost_map.F	COMMON/ms3dvar_cost_map.F
COMMON/das_cost_reg.F	COMMON/ms3dvar_cost_reg.F
COMMON/das_cost_reg_uv.F	COMMON/ms3dvar_cost_reg_uv.F
COMMON/das_cost_sats.F	COMMON/ms3dvar_cost_sats.F
COMMON/das_cost_ssh_lin.F	COMMON/ms3dvar_cost_ssh_lin.F
COMMON/das_cost_sst.F	COMMON/ms3dvar_cost_sst.F
COMMON/das_cost_sst_lin.F	COMMON/ms3dvar_cost_sst_lin.F
COMMON/das_cost_swot.F	COMMON/ms3dvar_cost_swot.F
COMMON/das_costb.F	COMMON/ms3dvar_costb.F
COMMON/das_costb_lin.F	COMMON/ms3dvar_costb_lin.F
COMMON/das_covar.h	COMMON/ms3dvar_covar.h
COMMON/das_cross_ts.F	COMMON/ms3dvar_cross_ts.F
COMMON/das_d2c_uv.F	COMMON/ms3dvar_d2c_uv.F
COMMON/das_diag_ssh.F	COMMON/ms3dvar_diag_ssh.F
COMMON/das_diag_ssh_steric.F	COMMON/ms3dvar_diag_ssh_steric.F
COMMON/das_diag_steric_sshb.F	COMMON/ms3dvar_diag_steric_sshb.F
COMMON/das_exchange.F	COMMON/ms3dvar_exchange.F
COMMON/das_exchange_2d_tile.h	COMMON/ms3dvar_exchange_2d_tile.h
COMMON/das_exchange_3d_tile.h	COMMON/ms3dvar_exchange_3d_tile.h
COMMON/das_extrapolate9.F	COMMON/ms3dvar_extrapolate9.F
COMMON/das_fill9.F	COMMON/ms3dvar_fill9.F
COMMON/das_geo_ratio.F	COMMON/ms3dvar_geo_ratio.F
COMMON/das_get_TS_profile.F	COMMON/ms3dvar_get_TS_profile.F
COMMON/das_get_auv.F	COMMON/ms3dvar_get_auv.F
COMMON/das_get_bvar.F	COMMON/ms3dvar_get_bvar.F
COMMON/das_get_corr.F	COMMON/ms3dvar_get_corr.F
COMMON/das_get_d2c.F	COMMON/ms3dvar_get_d2c.F
COMMON/das_get_goes.F	COMMON/ms3dvar_get_goes.F
COMMON/das_get_hfradar.F	COMMON/ms3dvar_get_hfradar.F
COMMON/das_get_insitu.F	COMMON/ms3dvar_get_insitu.F
COMMON/das_get_js1.F	COMMON/ms3dvar_get_js1.F
COMMON/das_get_mc.F	COMMON/ms3dvar_get_mc.F
COMMON/das_get_sats.F	COMMON/ms3dvar_get_sats.F
COMMON/das_get_ssh_ref.F	COMMON/ms3dvar_get_ssh_ref.F
COMMON/das_get_sss.F	COMMON/ms3dvar_get_sss.F
COMMON/das_get_swot.F	COMMON/ms3dvar_get_swot.F
COMMON/das_get_tmi.F	COMMON/ms3dvar_get_tmi.F
COMMON/das_get_tp.F	COMMON/ms3dvar_get_tp.F
COMMON/das_get_zeta_ubal_from_tot.F	COMMON/ms3dvar_get_zeta_ubal_from_tot.F
COMMON/das_increment.F	COMMON/ms3dvar_increment.F
COMMON/das_init_scalars.F	COMMON/ms3dvar_init_scalars.F
COMMON/das_innov.h	COMMON/ms3dvar_innov.h
COMMON/das_innov_2d_print.F	COMMON/ms3dvar_innov_2d_print.F
COMMON/das_innov_ana_print.F	COMMON/ms3dvar_innov_ana_print.F
COMMON/das_innov_calauv.F	COMMON/ms3dvar_innov_calauv.F
COMMON/das_innov_dorauv.F	COMMON/ms3dvar_innov_dorauv.F
COMMON/das_innov_flight.F	COMMON/ms3dvar_innov_flight.F
COMMON/das_innov_hfradar.F	COMMON/ms3dvar_innov_hfradar.F
COMMON/das_innov_map.F	COMMON/ms3dvar_innov_map.F
COMMON/das_innov_martn.F	COMMON/ms3dvar_innov_martn.F
COMMON/das_innov_print.F	COMMON/ms3dvar_innov_print.F
COMMON/das_innov_ptsur.F	COMMON/ms3dvar_innov_ptsur.F
COMMON/das_innov_sats.F	COMMON/ms3dvar_innov_sats.F
COMMON/das_innov_sio.F	COMMON/ms3dvar_innov_sio.F
COMMON/das_innov_smooth.F	COMMON/ms3dvar_innov_smooth.F
COMMON/das_innov_swot.F	COMMON/ms3dvar_innov_swot.F
COMMON/das_innov_uv_smooth.F	COMMON/ms3dvar_innov_uv_smooth.F
COMMON/das_innov_whoi.F	COMMON/ms3dvar_innov_whoi.F
COMMON/das_interp_lr.F	COMMON/ms3dvar_interp_lr.F
COMMON/das_lbfgs.F	COMMON/ms3dvar_lbfgs.F
COMMON/das_lbgfs.h	COMMON/ms3dvar_lbgfs.h
COMMON/das_matvec.F	COMMON/ms3dvar_matvec.F
COMMON/das_nf_fread.F	COMMON/ms3dvar_nf_fread.F
COMMON/das_nf_fread_lr.F	COMMON/ms3dvar_nf_fread_lr.F
COMMON/das_ocean9.h	COMMON/ms3dvar_ocean9.h
COMMON/das_ocean_TEST.h	COMMON/ms3dvar_ocean_TEST.h
COMMON/das_ocean_diag.h	COMMON/ms3dvar_ocean_diag.h
COMMON/das_ocean_smooth.h	COMMON/ms3dvar_ocean_smooth.h
COMMON/das_param.h	COMMON/ms3dvar_analysis_param.h
COMMON/das_param_lr.h	COMMON/ms3dvar_param_lr.h
COMMON/das_private_scratch.h	COMMON/ms3dvar_private_scratch.h
COMMON/das_psichi_uv.F	COMMON/ms3dvar_psichi_uv.F
COMMON/das_read_inp.F	COMMON/ms3dvar_read_obs_filelist.F
COMMON/das_rho_eos9.F	COMMON/ms3dvar_rho_eos9.F
COMMON/das_rho_eos_lin.F	COMMON/ms3dvar_rho_eos_lin.F
COMMON/das_s2z.F	COMMON/ms3dvar_s2z.F
COMMON/das_set_geo_ratio.F	COMMON/ms3dvar_set_geo_ratio.F
COMMON/das_set_global_def.h	COMMON/ms3dvar_set_global_def.h
COMMON/das_setup.F	COMMON/ms3dvar_setup.F
COMMON/das_setup1.F	COMMON/ms3dvar_setup1.F
COMMON/das_setup2.F	COMMON/ms3dvar_setup2.F
COMMON/das_spline1d.F	COMMON/ms3dvar_spline1d.F
COMMON/das_theadj_wrt.F	COMMON/ms3dvar_theadj_wrt.F
COMMON/das_ts_das_smooth.F	COMMON/ms3dvar_ts_analysis_smooth.F
COMMON/das_ts_s_smooth.F	COMMON/ms3dvar_ts_s_smooth.F
COMMON/das_varvec.F	COMMON/ms3dvar_varvec.F
COMMON/das_vec.F	COMMON/ms3dvar_vec.F
COMMON/das_write_corr.F	COMMON/ms3dvar_write_corr.F
COMMON/das_wrt.F	COMMON/ms3dvar_wrt.F
COMMON/das_z2s.F	COMMON/ms3dvar_z2s.F
COMMON/das_zeta_avg_tide_bias.F	COMMON/ms3dvar_zeta_avg_tide_bias.F
COMMON/das_zeta_das_smooth.F	COMMON/ms3dvar_zeta_analysis_smooth.F
COMMON/das_zeta_h_smooth.F	COMMON/ms3dvar_zeta_h_smooth.F
COMMON/das_zeta_s_smooth.F	COMMON/ms3dvar_zeta_s_smooth.F
COMMON/das_zeta_smooth.F	COMMON/ms3dvar_zeta_smooth.F
COMMON/das_zetah_smooth.F	COMMON/ms3dvar_zetah_smooth.F
COMMON/param_ms3dvar.h	COMMON/ms3dvar_param.h
LR/das_add_lr.F	LR/ms3dvar_add_lr.F
LR/das_adj_cjs1.F	LR/ms3dvar_adj_cjs1.F
LR/das_adj_pressure_smooth.F	LR/ms3dvar_adj_pressure_smooth.F
LR/das_analysis.F	LR/ms3dvar_analysis.F
LR/das_copy_pressure_smooth.F	LR/ms3dvar_copy_pressure_smooth.F
LR/das_cost_js1.F	LR/ms3dvar_cost_js1.F
LR/das_diag_pressure.F	LR/ms3dvar_diag_pressure.F
LR/das_geos_uv_p.F	LR/ms3dvar_geos_uv_p.F
LR/das_get_initial.F	LR/ms3dvar_get_increment.F
LR/das_get_initial_lr.F	LR/ms3dvar_get_increment_lr.F
LR/das_init_arrays.F	LR/ms3dvar_init_arrays.F
LR/das_innov_TS_profile.F	LR/ms3dvar_innov_TS_profile.F
LR/das_innov_js1.F	LR/ms3dvar_innov_js1.F
LR/das_innov_sst.F	LR/ms3dvar_innov_sst.F
LR/das_innov_tp.F	LR/ms3dvar_innov_tp.F
LR/das_ocean.h	LR/ms3dvar_ocean.h
LR/das_ocean_lr.h	LR/ms3dvar_ocean_lr.h
LR/das_pressue_smooth.F	LR/ms3dvar_pressue_smooth.F
LR/das_zeta_p_smooth.F	LR/ms3dvar_zeta_p_smooth.F
LR/das_zeta_p_smooth2.F	LR/ms3dvar_zeta_p_smooth2.F
LR/main.F	LR/ms3dvar_main.F
MR/das_add_lr.F	MR/ms3dvar_add_lr.F
MR/das_adj_cjs1.F	MR/ms3dvar_adj_cjs1.F
MR/das_adj_pressure_smooth.F	MR/ms3dvar_adj_pressure_smooth.F
MR/das_analysis.F	MR/ms3dvar_analysis.F
MR/das_copy_pressure_smooth.F	MR/ms3dvar_copy_pressure_smooth.F
MR/das_cost_js1.F	MR/ms3dvar_cost_js1.F
MR/das_diag_pressure.F	MR/ms3dvar_diag_pressure.F
MR/das_geos_uv_p.F	MR/ms3dvar_geos_uv_p.F
MR/das_get_initial_lr.F	MR/ms3dvar_get_increment_lr.F
MR/das_init_arrays.F	MR/ms3dvar_init_arrays.F
MR/das_innov_TS_profile.F	MR/ms3dvar_innov_TS_profile.F
MR/das_innov_js1.F	MR/ms3dvar_innov_js1.F
MR/das_innov_sst.F	MR/ms3dvar_innov_sst.F
MR/das_innov_tp.F	MR/ms3dvar_innov_tp.F
MR/das_ocean.h	MR/ms3dvar_ocean.h
MR/das_ocean_lr.h	MR/ms3dvar_ocean_lr.h
MR/das_pressue_smooth.F	MR/ms3dvar_pressue_smooth.F
MR/das_zeta_p_smooth.F	MR/ms3dvar_zeta_p_smooth.F
MR/das_zeta_p_smooth2.F	MR/ms3dvar_zeta_p_smooth2.F
MR/main.F	MR/ms3dvar_main.F
MS/das_add_lr.F	MS/ms3dvar_add_lr.F
MS/das_adj_cjs1.F	MS/ms3dvar_adj_cjs1.F
MS/das_adj_pressure_smooth.F	MS/ms3dvar_adj_pressure_smooth.F
MS/das_analysis.F	MS/ms3dvar_analysis.F
MS/das_copy_pressure_smooth.F	MS/ms3dvar_copy_pressure_smooth.F
MS/das_cost_js1.F	MS/ms3dvar_cost_js1.F
MS/das_diag_pressure.F	MS/ms3dvar_diag_pressure.F
MS/das_geos_uv_p.F	MS/ms3dvar_geos_uv_p.F
MS/das_get_initial.F	MS/ms3dvar_get_increment.F
MS/das_get_initial_lr.F	MS/ms3dvar_get_increment_lr.F
MS/das_init_arrays.F	MS/ms3dvar_init_arrays.F
MS/das_innov_TS_profile.F	MS/ms3dvar_innov_TS_profile.F
MS/das_innov_js1.F	MS/ms3dvar_innov_js1.F
MS/das_innov_sst.F	MS/ms3dvar_innov_sst.F
MS/das_innov_tp.F	MS/ms3dvar_innov_tp.F
MS/das_ocean.h	MS/ms3dvar_ocean.h
MS/das_ocean_lr.h	MS/ms3dvar_ocean_lr.h
MS/das_pressue_smooth.F	MS/ms3dvar_pressue_smooth.F
MS/das_zeta_p_smooth.F	MS/ms3dvar_zeta_p_smooth.F
MS/das_zeta_p_smooth2.F	MS/ms3dvar_zeta_p_smooth2.F
MS/main.F	MS/ms3dvar_main.F
FILTER/das_add_lr.F	FILTER/ms3dvar_add_lr.F
FILTER/das_adj_cjs1.F	FILTER/ms3dvar_adj_cjs1.F
FILTER/das_adj_pressure_smooth.F	FILTER/ms3dvar_adj_pressure_smooth.F
FILTER/das_analysis.F	FILTER/ms3dvar_analysis.F
FILTER/das_copy_pressure_smooth.F	FILTER/ms3dvar_copy_pressure_smooth.F
FILTER/das_cost_js1.F	FILTER/ms3dvar_cost_js1.F
FILTER/das_diag_pressure.F	FILTER/ms3dvar_diag_pressure.F
FILTER/das_filter.F	FILTER/ms3dvar_filter.F
FILTER/das_geos_uv_p.F	FILTER/ms3dvar_geos_uv_p.F
FILTER/das_get_initial_lr.F	FILTER/ms3dvar_get_increment_lr.F
FILTER/das_init_arrays.F	FILTER/ms3dvar_init_arrays.F
FILTER/das_innov_TS_profile.F	FILTER/ms3dvar_innov_TS_profile.F
FILTER/das_innov_js1.F	FILTER/ms3dvar_innov_js1.F
FILTER/das_innov_sst.F	FILTER/ms3dvar_innov_sst.F
FILTER/das_innov_tp.F	FILTER/ms3dvar_innov_tp.F
FILTER/das_ocean.h	FILTER/ms3dvar_ocean.h
FILTER/das_ocean_lr.h	FILTER/ms3dvar_ocean_lr.h
FILTER/das_pressue_smooth.F	FILTER/ms3dvar_pressue_smooth.F
FILTER/das_zeta_p_smooth.F	FILTER/ms3dvar_zeta_p_smooth.F
FILTER/das_zeta_p_smooth2.F	FILTER/ms3dvar_zeta_p_smooth2.F
FILTER/main.F	FILTER/ms3dvar_main.F
FILTER/netcdf_filtered.F	FILTER/ms3dvar_netcdf_filtered.F
